# Age, Gender
1.070000000000000062e+00,0.000000000000000000e+00
3.500000000000000000e+00,1.000000000000000000e+00
5.169999999999999929e+00,0.000000000000000000e+00
